Municipio;Departamento;poblacionTotal;poblacionCabecera;Superficie;CategoriaRural
medellin;antioquia;2427129.0;2382399.0;372.41933368300005;Urbana
abejorral;antioquia;20367.0;7674.0;491.450581092;Rural
abriaqui;antioquia;2695.0;824.0;288.302004888;Rural disperso
alejandria;antioquia;4657.0;2485.0;135.591868241;Rural
amaga;antioquia;30227.0;14184.0;85.21526326520001;Intermedia
amalfi;antioquia;25962.0;14508.0;1190.1311280099999;Rural
andes;antioquia;43269.0;20250.0;436.857148227;Intermedia
angelopolis;antioquia;5756.0;2168.0;86.74061329199999;Intermedia
angostura;antioquia;11437.0;2628.0;411.068034185;Rural disperso
anori;antioquia;18321.0;7634.0;1413.1005837999999;Rural
santafe de antioquia;antioquia;26164.0;16351.0;461.882036579;Intermedia
anza;antioquia;7010.0;1258.0;252.765066009;Rural disperso
apartado;antioquia;121003.0;98454.0;608.434415638;Intermedia
arboletes;antioquia;29295.0;9747.0;749.114531983;Rural
argelia;antioquia;7689.0;3412.0;260.27817489899996;Rural
armenia;antioquia;5139.0;1716.0;112.493137101;Rural
barbosa;antioquia;51969.0;22174.0;226.197241989;Intermedia
belmira;antioquia;6000.0;1623.0;295.558717253;Rural disperso
bello;antioquia;522264.0;495483.0;143.203498668;Urbana
betania;antioquia;10323.0;3601.0;196.04412455599999;Intermedia
betulia;antioquia;15607.0;4274.0;277.158434632;Rural
ciudad bolivar;antioquia;26118.0;15604.0;341.77144673500004;Intermedia
briceno;antioquia;8039.0;2552.0;347.192489199;Rural
buritica;antioquia;9354.0;2235.0;357.902941871;Rural disperso
caceres;antioquia;28996.0;5355.0;1903.22012364;Rural disperso
caicedo;antioquia;8297.0;1657.0;235.46830805000002;Rural disperso
caldas;antioquia;79638.0;62987.0;160.589086868;Intermedia
campamento;antioquia;9203.0;2466.0;220.176775225;Rural disperso
canasgordas;antioquia;15523.0;5076.0;385.477680444;Rural
caracoli;antioquia;4582.0;2739.0;263.622819256;Rural
caramanta;antioquia;4743.0;2190.0;94.0762586833;Intermedia
carepa;antioquia;47932.0;33009.0;352.28446938999997;Intermedia
el carmen de viboral;antioquia;59416.0;34187.0;458.248324454;Intermedia
carolina;antioquia;3954.0;2929.0;159.63690833500002;Rural
caucasia;antioquia;90213.0;76772.0;1372.20821376;Intermedia
chigorodo;antioquia;57375.0;47046.0;699.49724455;Intermedia
cisneros;antioquia;9775.0;8415.0;37.429028546400005;Intermedia
cocorna;antioquia;15444.0;6293.0;208.273077969;Intermedia
concepcion;antioquia;4797.0;1908.0;157.663837834;Rural
concordia;antioquia;21377.0;7349.0;239.433965278;Intermedia
copacabana;antioquia;77884.0;62343.0;54.4513678075;Intermedia
dabeiba;antioquia;23044.0;9042.0;1801.70413672;Rural
don matias;antioquia;18902.0;12081.0;149.308783051;Intermedia
ebejico;antioquia;12158.0;2229.0;235.755292784;Rural
el bagre;antioquia;51862.0;32823.0;1623.7909103099998;Intermedia
entrerrios;antioquia;11159.0;5643.0;196.761031264;Intermedia
envigado;antioquia;228848.0;215766.0;42.5812156816;Urbana
fredonia;antioquia;24408.0;8031.0;247.816081948;Intermedia
frontino;antioquia;20739.0;8639.0;1331.27371449;Rural
giraldo;antioquia;5544.0;2061.0;134.037007251;Rural
girardota;antioquia;51662.0;28652.0;85.1877911319;Intermedia
gomez plata;antioquia;9753.0;5017.0;362.06399279000004;Rural
granada;antioquia;10117.0;5541.0;207.459853946;Rural
guadalupe;antioquia;6560.0;2223.0;72.5632804558;Intermedia
guarne;antioquia;55121.0;18342.0;165.87694917899998;Intermedia
guatape;antioquia;8363.0;5420.0;72.32821716500001;Intermedia
heliconia;antioquia;5451.0;2318.0;114.253721661;Rural
hispania;antioquia;5469.0;3416.0;55.723786521899996;Intermedia
itagui;antioquia;276744.0;247918.0;17.873338490800002;Urbana
ituango;antioquia;27074.0;7074.0;2216.73776423;Rural disperso
jardin;antioquia;14518.0;7659.0;226.203535036;Intermedia
jerico;antioquia;13640.0;7619.0;201.21890498500002;Intermedia
la ceja;antioquia;64889.0;54820.0;130.26022021;Intermedia
la estrella;antioquia;71545.0;60997.0;33.209764648800004;Intermedia
la pintada;antioquia;8114.0;7060.0;69.07757142039999;Intermedia
la union;antioquia;21475.0;12724.0;201.09426767;Intermedia
liborina;antioquia;10028.0;2296.0;223.289361679;Rural disperso
maceo;antioquia;8221.0;3093.0;446.612202758;Rural
marinilla;antioquia;64645.0;44230.0;106.931866293;Intermedia
montebello;antioquia;6680.0;1866.0;76.7127599572;Rural
murindo;antioquia;4911.0;1760.0;1353.3900214300002;Rural disperso
mutata;antioquia;13991.0;5091.0;1255.38299916;Rural
narino;antioquia;10153.0;3116.0;325.82474084399996;Rural
necocli;antioquia;42281.0;10955.0;1315.3228632100002;Rural disperso
nechi;antioquia;25790.0;13174.0;950.475172562;Rural
olaya;antioquia;3127.0;217.0;94.91998092120001;Rural disperso
penol;antioquia;21049.0;11022.0;160.215214857;Intermedia
peque;antioquia;8097.0;2296.0;408.524848303;Rural disperso
pueblorrico;antioquia;8664.0;4450.0;76.0131371462;Intermedia
puerto berrio;antioquia;39314.0;32623.0;1181.9888404;Intermedia
puerto nare;antioquia;14380.0;4381.0;616.5293840420001;Rural
puerto triunfo;antioquia;18055.0;2926.0;366.640714393;Rural disperso
remedios;antioquia;28415.0;11632.0;2031.3931833699999;Rural
retiro;antioquia;23514.0;12479.0;262.373225259;Intermedia
rionegro;antioquia;135465.0;83007.0;217.291839873;Intermedia
sabanalarga;antioquia;9032.0;2955.0;255.113155122;Rural
sabaneta;antioquia;82375.0;70401.0;17.530129986200002;Intermedia
salgar;antioquia;18258.0;6718.0;432.153325364;Rural
san andres de cuerquia;antioquia;7235.0;2848.0;198.740374723;Rural
san carlos;antioquia;16247.0;7362.0;739.574299105;Rural
san francisco;antioquia;5648.0;2486.0;380.371746097;Rural
san jeronimo;antioquia;15361.0;6704.0;137.080242285;Intermedia
san jose de la montana;antioquia;3646.0;2353.0;152.947177917;Rural
san juan de uraba;antioquia;20093.0;6624.0;235.71612022600002;Intermedia
san luis;antioquia;12995.0;7408.0;447.595246496;Rural
san pedro;antioquia;21949.0;11756.0;222.66823885800002;Intermedia
san pedro de uraba;antioquia;30932.0;12494.0;616.579778653;Intermedia
san rafael;antioquia;15698.0;7891.0;342.671864329;Rural
san roque;antioquia;21519.0;6481.0;436.074990333;Rural
san vicente;antioquia;22093.0;5464.0;211.391693753;Intermedia
santa barbara;antioquia;26784.0;12083.0;193.58525224399997;Intermedia
santa rosa de osos;antioquia;36318.0;19896.0;871.076700711;Rural
santo domingo;antioquia;12394.0;2808.0;279.12846059500004;Rural disperso
el santuario;antioquia;35422.0;24614.0;67.01845560059999;Intermedia
segovia;antioquia;37900.0;30133.0;1167.49536802;Intermedia
sonson;antioquia;36321.0;17169.0;1306.34662448;Rural
sopetran;antioquia;15053.0;6522.0;211.67116435600002;Intermedia
tamesis;antioquia;16281.0;7256.0;229.94436483899997;Intermedia
taraza;antioquia;26964.0;12657.0;1573.06983137;Rural
tarso;antioquia;6184.0;3324.0;122.42831951800001;Intermedia
titiribi;antioquia;10775.0;4591.0;135.53204855500002;Intermedia
toledo;antioquia;4993.0;1700.0;133.245838722;Rural
turbo;antioquia;124552.0;48787.0;2977.56713606;Intermedia
uramita;antioquia;6888.0;2111.0;270.508580968;Rural
urrao;antioquia;30127.0;15918.0;2728.57736165;Rural
valdivia;antioquia;13801.0;3637.0;596.725123479;Rural disperso
valparaiso;antioquia;6498.0;3639.0;124.195122896;Intermedia
vegachi;antioquia;11810.0;8055.0;527.5374539559999;Rural
venecia;antioquia;11602.0;5089.0;143.839930228;Intermedia
vigia del fuerte;antioquia;9093.0;3102.0;1609.54121953;Rural disperso
yali;antioquia;7608.0;3587.0;480.985863476;Rural
yarumal;antioquia;41542.0;29049.0;682.6578689759999;Intermedia
yolombo;antioquia;22538.0;6768.0;934.809088622;Rural
yondo;antioquia;19040.0;9640.0;1954.1377743599999;Rural disperso
zaragoza;antioquia;24651.0;11173.0;1128.82602449;Rural
barranquilla;atlantico;1206319.0;1205284.0;147.93036140400002;Urbana
baranoa;atlantico;62382.0;51730.0;120.65281682;Intermedia
campo de la cruz;atlantico;22879.0;19961.0;105.552967008;Intermedia
candelaria;atlantico;15982.0;11461.0;135.552205137;Intermedia
galapa;atlantico;60708.0;56167.0;98.37912776270001;Intermedia
juan de acosta;atlantico;20999.0;13095.0;175.72293695300002;Intermedia
luruaco;atlantico;28175.0;14251.0;249.350926402;Intermedia
malambo;atlantico;128203.0;119878.0;101.50189817100001;Urbana
manati;atlantico;19808.0;17499.0;210.70121506;Intermedia
palmar de varela;atlantico;28932.0;27728.0;91.2636028232;Intermedia
piojo;atlantico;6608.0;2812.0;247.88091521500002;Rural
polonuevo;atlantico;18197.0;15111.0;71.9501087542;Intermedia
ponedera;atlantico;23848.0;13652.0;202.386931278;Intermedia
puerto colombia;atlantico;49264.0;42803.0;75.166812112;Intermedia
repelon;atlantico;26200.0;17608.0;338.00888376;Intermedia
sabanagrande;atlantico;32334.0;30739.0;41.6561849142;Intermedia
sabanalarga;atlantico;93261.0;69230.0;400.703336341;Intermedia
santa lucia;atlantico;16023.0;13676.0;54.1397311603;Intermedia
santo tomas;atlantico;29829.0;28095.0;65.4562691416;Intermedia
soledad;atlantico;603999.0;602644.0;60.5047058772;Urbana
suan;atlantico;11940.0;11239.0;43.9151591778;Intermedia
tubara;atlantico;17377.0;8774.0;170.630146198;Intermedia
usiacuri;atlantico;12250.0;11394.0;102.76334987899999;Intermedia
bogota;bogota;7412566.0;7387400.0;1643.26680364;Urbana
cartagena;bolivar;973045.0;876885.0;604.0776975570001;Urbana
achi;bolivar;24352.0;5648.0;966.934187951;Rural disperso
altos del rosario;bolivar;10972.0;4001.0;276.26629591299996;Rural
arenal;bolivar;7365.0;4496.0;476.86255481;Rural
arjona;bolivar;69503.0;55134.0;599.646924426;Intermedia
arroyohondo;bolivar;8254.0;4719.0;162.454770651;Intermedia
barranco de loba;bolivar;14836.0;5722.0;439.165743302;Rural
calamar;bolivar;22474.0;12718.0;266.601856919;Intermedia
cantagallo;bolivar;8234.0;4520.0;876.874895057;Rural disperso
cicuco;bolivar;13442.0;8758.0;127.45596111100001;Intermedia
cordoba;bolivar;15960.0;4206.0;598.817544494;Rural disperso
clemencia;bolivar;14511.0;12169.0;77.8367252084;Intermedia
el carmen de bolivar;bolivar;70131.0;50844.0;923.756620281;Intermedia
el guamo;bolivar;8647.0;4748.0;408.533599249;Rural
el penon;bolivar;7651.0;2886.0;300.853448168;Rural
hatillo de loba;bolivar;12317.0;3166.0;216.08272223699998;Rural
magangue;bolivar;133270.0;92316.0;1150.53896878;Intermedia
mahates;bolivar;27692.0;10402.0;428.574767298;Intermedia
margarita;bolivar;10673.0;1860.0;285.86334445700004;Rural disperso
maria la baja;bolivar;46112.0;20451.0;532.629961331;Intermedia
montecristo;bolivar;16389.0;4076.0;2081.70325315;Rural disperso
mompos;bolivar;44442.0;23090.0;662.278572997;Intermedia
morales;bolivar;22259.0;7293.0;1335.22387083;Rural
norosi;bolivar;9212.0;2314.0;407.2;Rural disperso
pinillos;bolivar;24218.0;3718.0;746.827891282;Rural disperso
regidor;bolivar;6723.0;4223.0;182.88817376100002;Rural
rio viejo;bolivar;10598.0;5071.0;1276.35508356;Rural disperso
san cristobal;bolivar;8054.0;6221.0;38.98568645180001;Intermedia
san estanislao;bolivar;18251.0;12528.0;211.39809700499998;Intermedia
san fernando;bolivar;12536.0;2147.0;323.76265138499997;Rural disperso
san jacinto;bolivar;23913.0;20711.0;424.521103255;Intermedia
san jacinto del cauca;bolivar;9935.0;2566.0;556.8495530800001;Rural disperso
san juan nepomuceno;bolivar;36874.0;27379.0;621.688353915;Intermedia
san martin de loba;bolivar;14774.0;7051.0;460.489536407;Rural
san pablo;bolivar;27190.0;20829.0;1988.65270278;Rural
santa catalina;bolivar;14563.0;5666.0;168.078239788;Intermedia
santa rosa;bolivar;20963.0;19356.0;158.518372367;Intermedia
santa rosa del sur;bolivar;32646.0;19214.0;2395.59665498;Rural
simiti;bolivar;18110.0;6063.0;1340.7817155;Rural
soplaviento;bolivar;10650.0;10455.0;95.4568737263;Intermedia
talaigua nuevo;bolivar;13108.0;6278.0;232.65583619699999;Intermedia
tiquisio;bolivar;18035.0;6167.0;768.895086289;Rural
turbaco;bolivar;105166.0;97294.0;180.228992907;Intermedia
turbana;bolivar;16403.0;12428.0;149.425824681;Intermedia
villanueva;bolivar;23777.0;20769.0;140.491425811;Intermedia
zambrano;bolivar;11880.0;10507.0;321.698145086;Rural
tunja;boyaca;172548.0;163894.0;140.970596046;Urbana
almeida;boyaca;1910.0;321.0;50.0794172064;Rural disperso
aquitania;boyaca;15377.0;5777.0;849.2799482610001;Rural
arcabuco;boyaca;5831.0;2378.0;164.656797917;Rural
belen;boyaca;7481.0;4495.0;176.605073462;Rural
berbeo;boyaca;1596.0;406.0;62.2855618715;Rural disperso
beteitiva;boyaca;1963.0;327.0;102.008326678;Rural disperso
boavita;boyaca;5059.0;2305.0;149.013046634;Rural
boyaca;boyaca;5089.0;761.0;54.482308668399995;Rural
briceno;boyaca;2198.0;487.0;44.7798907918;Rural disperso
buenavista;boyaca;4409.0;757.0;89.3189198106;Rural disperso
busbanza;boyaca;1118.0;432.0;24.4314845626;Rural
caldas;boyaca;3143.0;245.0;72.7098106258;Rural disperso
campohermoso;boyaca;3121.0;767.0;292.48205151499997;Rural disperso
cerinza;boyaca;3713.0;1653.0;51.475918193700004;Intermedia
chinavita;boyaca;3209.0;1231.0;161.228511008;Rural
chiquinquira;boyaca;56054.0;49016.0;151.364641423;Intermedia
chiscas;boyaca;3994.0;879.0;644.7222659170001;Rural disperso
chita;boyaca;8045.0;1976.0;748.420965215;Rural disperso
chitaraque;boyaca;5830.0;1158.0;175.279522685;Rural disperso
chivata;boyaca;2788.0;470.0;50.1955890022;Rural
cienega;boyaca;4635.0;1207.0;53.1201924822;Rural
combita;boyaca;12970.0;1286.0;162.08381276100002;Rural
coper;boyaca;3619.0;862.0;119.157993168;Rural disperso
corrales;boyaca;2498.0;1561.0;54.0855134878;Rural
covarachia;boyaca;2806.0;492.0;98.56605067550001;Rural disperso
cubara;boyaca;10319.0;2182.0;1179.23719121;Rural disperso
cucaita;boyaca;3725.0;1457.0;43.4298787336;Intermedia
cuitiva;boyaca;1798.0;251.0;47.3377957598;Rural disperso
chiquiza;boyaca;4684.0;332.0;93.7473701453;Rural disperso
chivor;boyaca;2479.0;681.0;116.787198609;Rural disperso
duitama;boyaca;122436.0;107520.0;254.863883403;Urbana
el cocuy;boyaca;4215.0;2206.0;224.03034808;Rural
el espino;boyaca;3061.0;1358.0;72.468784652;Rural
firavitoba;boyaca;6662.0;2497.0;109.894113593;Intermedia
floresta;boyaca;3266.0;1152.0;104.743238304;Rural
gachantiva;boyaca;2789.0;557.0;83.58358285169999;Rural disperso
gameza;boyaca;4850.0;1327.0;115.894891433;Rural disperso
garagoa;boyaca;17932.0;12358.0;180.127869996;Intermedia
guacamayas;boyaca;1865.0;624.0;62.2673432672;Rural
guateque;boyaca;10699.0;7631.0;34.7643467077;Intermedia
guayata;boyaca;3400.0;1117.0;81.93623784110001;Rural
guican;boyaca;4279.0;1353.0;947.389392759;Rural disperso
iza;boyaca;1947.0;1160.0;35.099971212700005;Intermedia
jenesano;boyaca;7200.0;1696.0;52.465735532;Intermedia
jerico;boyaca;3929.0;1201.0;144.732900948;Rural
labranzagrande;boyaca;3526.0;1128.0;620.5499531959999;Rural disperso
la capilla;boyaca;2689.0;1012.0;55.298730685;Rural
la victoria;boyaca;1118.0;400.0;32.8053427121;Rural
la uvita;boyaca;2999.0;1277.0;169.938467502;Rural
villa de leyva;boyaca;16139.0;7897.0;110.854488092;Intermedia
macanal;boyaca;4976.0;1134.0;200.098688228;Rural disperso
maripi;boyaca;5741.0;762.0;162.603084363;Rural disperso
miraflores;boyaca;8847.0;5270.0;259.161528777;Rural
mongua;boyaca;4636.0;1992.0;354.353620549;Rural
mongui;boyaca;4234.0;2327.0;57.2229696461;Intermedia
moniquira;boyaca;22572.0;11539.0;220.739401058;Intermedia
motavita;boyaca;5569.0;742.0;59.4896026907;Rural
muzo;boyaca;8597.0;5392.0;134.28725810499998;Intermedia
nobsa;boyaca;15976.0;5026.0;49.8254907125;Intermedia
nuevo colon;boyaca;5121.0;993.0;53.5835390416;Rural
oicata;boyaca;2821.0;400.0;48.9331120752;Rural
otanche;boyaca;8018.0;3449.0;482.904582364;Rural
pachavita;boyaca;2467.0;520.0;71.6844331046;Rural disperso
paez;boyaca;3283.0;1353.0;353.860641426;Rural disperso
paipa;boyaca;33535.0;20021.0;399.24799084399996;Intermedia
pajarito;boyaca;2390.0;960.0;307.267096004;Rural disperso
panqueba;boyaca;1717.0;810.0;43.574993464100004;Rural
pauna;boyaca;7185.0;2073.0;301.23204944199995;Rural disperso
paya;boyaca;2593.0;481.0;430.06205680299996;Rural disperso
paz de rio;boyaca;4285.0;2788.0;125.0519183;Rural
pesca;boyaca;6852.0;2245.0;291.896356895;Rural
pisba;boyaca;1763.0;527.0;428.599976579;Rural disperso
puerto boyaca;boyaca;46736.0;32979.0;1526.15291243;Intermedia
quipama;boyaca;4889.0;1326.0;175.71737625600002;Rural disperso
ramiriqui;boyaca;9887.0;4053.0;120.03160549500001;Intermedia
raquira;boyaca;7877.0;2217.0;207.679907625;Rural disperso
rondon;boyaca;2407.0;600.0;152.379097468;Rural disperso
saboya;boyaca;13588.0;978.0;253.540355956;Rural
sachica;boyaca;5452.0;2567.0;58.3244959942;Intermedia
samaca;boyaca;18298.0;7075.0;168.76014090400002;Intermedia
san eduardo;boyaca;1701.0;732.0;99.5482815813;Rural
san jose de pare;boyaca;4988.0;978.0;77.34752174510001;Rural
san luis de gaceno;boyaca;5499.0;2444.0;471.533185965;Rural
san mateo;boyaca;3332.0;1163.0;113.75224601299999;Rural
san miguel de sema;boyaca;3009.0;412.0;81.0356304598;Rural disperso
san pablo de borbur;boyaca;6608.0;745.0;169.73746090900002;Rural disperso
santana;boyaca;7565.0;2525.0;67.6682767635;Intermedia
santa maria;boyaca;3559.0;2107.0;303.26278793800003;Rural
santa rosa de viterbo;boyaca;13066.0;7937.0;84.35675888920001;Intermedia
santa sofia;boyaca;3179.0;1019.0;73.1261287825;Rural
sativanorte;boyaca;2221.0;680.0;149.888059594;Rural
sativasur;boyaca;1097.0;302.0;55.4758445666;Rural disperso
siachoque;boyaca;6729.0;1117.0;175.238018507;Rural disperso
soata;boyaca;9066.0;6407.0;126.57521429;Intermedia
socota;boyaca;7298.0;1428.0;615.0778608070001;Rural disperso
socha;boyaca;7938.0;4236.0;162.800592209;Rural
sogamoso;boyaca;127235.0;111815.0;198.378275447;Urbana
somondoco;boyaca;2910.0;655.0;73.84895606820001;Rural disperso
sora;boyaca;3019.0;486.0;51.265627940499996;Rural
sotaquira;boyaca;8162.0;905.0;259.221430337;Rural disperso
soraca;boyaca;5954.0;1461.0;68.081502162;Rural
susacon;boyaca;2717.0;604.0;193.7977742;Rural disperso
sutamarchan;boyaca;6092.0;2103.0;105.429349656;Intermedia
sutatenza;boyaca;4233.0;732.0;39.5851091909;Intermedia
tasco;boyaca;5882.0;1625.0;226.695667028;Rural disperso
tenza;boyaca;3851.0;1127.0;43.2217276523;Rural
tibana;boyaca;9051.0;1729.0;93.339627795;Rural
tibasosa;boyaca;12940.0;4238.0;102.580051134;Intermedia
tinjaca;boyaca;3266.0;737.0;76.3610120256;Rural disperso
tipacoque;boyaca;3323.0;937.0;70.64119038950001;Rural disperso
toca;boyaca;8767.0;4209.0;157.345417366;Intermedia
togui;boyaca;4335.0;617.0;87.7352004737;Rural disperso
topaga;boyaca;3617.0;1054.0;30.7060384745;Intermedia
tota;boyaca;5179.0;854.0;179.22585636300002;Rural disperso
tunungua;boyaca;1540.0;256.0;39.2420527451;Rural disperso
turmeque;boyaca;6118.0;2072.0;85.0451212429;Intermedia
tuta;boyaca;8266.0;2320.0;154.702657485;Rural
tutaza;boyaca;2040.0;169.0;117.26989312399999;Rural disperso
umbita;boyaca;7530.0;1019.0;154.521461046;Rural disperso
ventaquemada;boyaca;15706.0;2345.0;133.870003878;Intermedia
viracacha;boyaca;2837.0;426.0;56.562206727399996;Rural
zetaquira;boyaca;4629.0;1163.0;289.936062137;Rural disperso
manizales;caldas;434403.0;405234.0;438.137821828;Urbana
aguadas;caldas;22823.0;11532.0;476.177262003;Rural
anserma;caldas;36149.0;20284.0;211.621130391;Intermedia
aranzazu;caldas;10557.0;6825.0;146.425593116;Intermedia
belalcazar;caldas;10660.0;4583.0;110.881888682;Intermedia
chinchina;caldas;51271.0;44570.0;114.425103948;Intermedia
filadelfia;caldas;11451.0;3877.0;203.530257662;Intermedia
la dorada;caldas;71905.0;62536.0;560.479339738;Intermedia
la merced;caldas;6003.0;2151.0;90.3669367774;Intermedia
manzanares;caldas;17928.0;10221.0;181.82781464700003;Intermedia
marmato;caldas;8888.0;964.0;39.2981714877;Intermedia
marquetalia;caldas;13245.0;6348.0;96.45697690889999;Intermedia
marulanda;caldas;2607.0;823.0;367.45431287599996;Rural disperso
neira;caldas;21024.0;11564.0;364.164794649;Intermedia
norcasia;caldas;6022.0;4007.0;225.811569984;Rural
pacora;caldas;15325.0;7430.0;259.860434862;Intermedia
palestina;caldas;15555.0;4963.0;111.642533103;Intermedia
pensilvania;caldas;19908.0;7706.0;514.812718345;Rural
riosucio;caldas;50775.0;18077.0;383.46737728100004;Intermedia
risaralda;caldas;10815.0;4217.0;89.2204778113;Intermedia
salamina;caldas;19467.0;11359.0;387.271641448;Intermedia
samana;caldas;20454.0;5924.0;773.6157021729999;Rural disperso
san jose;caldas;4835.0;1282.0;61.1468007464;Rural
supia;caldas;28642.0;13493.0;122.08885836200001;Intermedia
victoria;caldas;10157.0;4296.0;569.8364367209999;Rural
villamaria;caldas;64652.0;55894.0;435.19834667599997;Intermedia
viterbo;caldas;12734.0;10705.0;121.48211992200001;Intermedia
florencia;caqueta;168346.0;147939.0;2291.7742292899998;Urbana
albania;caqueta;4675.0;2060.0;398.052094263;Rural
belen de los andaquies;caqueta;11021.0;6753.0;983.213661115;Rural
cartagena del chaira;caqueta;30399.0;15434.0;13134.6299627;Rural disperso
curillo;caqueta;7593.0;5261.0;470.229563004;Rural
el doncello;caqueta;19294.0;13522.0;1080.4940341;Rural
el paujil;caqueta;18036.0;8858.0;1387.23107831;Rural
la montanita;caqueta;14714.0;2467.0;1933.26076772;Rural disperso
milan;caqueta;9723.0;1001.0;1345.4654672000001;Rural disperso
morelia;caqueta;3698.0;2007.0;457.273300522;Rural disperso
puerto rico;caqueta;26517.0;14464.0;3077.02592915;Rural disperso
san jose del fragua;caqueta;12797.0;6292.0;1191.57453401;Rural
san vicente del caguan;caqueta;50719.0;23432.0;18380.136259400002;Rural disperso
solano;caqueta;11214.0;2782.0;42360.7757939;Rural disperso
solita;caqueta;6216.0;3672.0;872.955571493;Rural disperso
valparaiso;caqueta;6887.0;2336.0;992.001201385;Rural disperso
popayan;cauca;318059.0;266561.0;488.113375265;Urbana
almaguer;cauca;18449.0;1346.0;242.61539401800002;Rural
argelia;cauca;26144.0;2700.0;701.6021000520001;Rural disperso
balboa;cauca;21108.0;5393.0;410.99409445599997;Rural
bolivar;cauca;38048.0;5020.0;809.249914509;Rural disperso
buenos aires;cauca;31436.0;1218.0;343.95112283099996;Rural
cajibio;cauca;42014.0;2202.0;556.559951932;Rural
caldono;cauca;39946.0;2174.0;348.886009539;Intermedia
caloto;cauca;30181.0;5297.0;433.98143628500003;Rural
corinto;cauca;25286.0;12880.0;306.567329137;Intermedia
el tambo;cauca;53891.0;3003.0;2799.19342886;Rural disperso
florencia;cauca;5202.0;1224.0;61.773801693;Rural
guachene;cauca;19671.0;6480.0;392.21;Intermedia
guapi;cauca;27616.0;13932.0;2904.55879029;Rural disperso
inza;cauca;28879.0;1308.0;709.733778853;Rural disperso
jambalo;cauca;17841.0;1895.0;253.491005733;Rural
la sierra;cauca;10749.0;1822.0;209.862497469;Rural
la vega;cauca;24501.0;1040.0;529.592540385;Rural disperso
lopez;cauca;18580.0;1875.0;3168.28979274;Rural disperso
mercaderes;cauca;22688.0;5953.0;735.549622583;Rural disperso
miranda;cauca;31360.0;17930.0;181.93635117300002;Intermedia
morales;cauca;38838.0;2472.0;455.009713593;Rural
padilla;cauca;9937.0;4478.0;70.5493106488;Intermedia
paez;cauca;45776.0;2971.0;1631.73809754;Rural disperso
patia;cauca;36848.0;13781.0;770.4426239400001;Rural
piamonte;cauca;8811.0;2109.0;1038.98168339;Rural disperso
piendamo;cauca;40818.0;14271.0;181.20229480199998;Intermedia
puerto tejada;cauca;41615.0;36266.0;111.471458578;Intermedia
purace;cauca;17272.0;1697.0;472.279123528;Rural disperso
rosas;cauca;11475.0;1087.0;145.12861524000002;Rural
san sebastian;cauca;10948.0;668.0;382.118393898;Rural disperso
santander de quilichao;cauca;110445.0;52246.0;461.479852816;Intermedia
santa rosa;cauca;5339.0;672.0;3010.18085353;Rural disperso
silvia;cauca;37337.0;4492.0;678.623402385;Rural
sotara;cauca;13939.0;571.0;448.22401153600003;Rural disperso
suarez;cauca;31904.0;6380.0;443.77735895999996;Rural
sucre;cauca;9489.0;1633.0;134.62658141100002;Rural
timbio;cauca;35479.0;14562.0;170.250190829;Intermedia
timbiqui;cauca;26100.0;6266.0;2010.60737298;Rural disperso
toribio;cauca;35218.0;2441.0;442.17102294800003;Rural
totoro;cauca;24558.0;1319.0;430.933180894;Rural
villa rica;cauca;20693.0;14267.0;106.08061892299999;Intermedia
valledupar;cesar;490075.0;431794.0;4168.72492084;Urbana
aguachica;cesar;109621.0;95851.0;868.978157617;Intermedia
agustin codazzi;cesar;60768.0;48157.0;1764.47458673;Intermedia
astrea;cesar;20120.0;10468.0;609.6900030720001;Rural
becerril;cesar;21611.0;16123.0;1243.62087703;Rural
bosconia;cesar;40022.0;37676.0;586.657049388;Intermedia
chimichagua;cesar;34169.0;13721.0;1382.76335268;Rural
chiriguana;cesar;27694.0;16576.0;1168.11849909;Rural
curumani;cesar;37399.0;26422.0;931.654320692;Intermedia
el copey;cesar;30159.0;22469.0;963.654214747;Rural
el paso;cesar;37531.0;6922.0;803.120043206;Rural disperso
gamarra;cesar;14973.0;9828.0;330.10105621499997;Rural
gonzalez;cesar;4379.0;1414.0;52.9537354948;Intermedia
la gloria;cesar;17150.0;6034.0;827.4176859989999;Rural
la jagua de ibirico;cesar;46722.0;35513.0;758.7667562769999;Intermedia
manaure;cesar;10047.0;8389.0;126.508397026;Intermedia
pailitas;cesar;18566.0;13838.0;482.253796621;Rural
pelaya;cesar;20683.0;14363.0;349.95280150499997;Intermedia
pueblo bello;cesar;27007.0;8556.0;732.760539788;Rural
rio de oro;cesar;16837.0;7859.0;439.888257022;Rural
la paz;cesar;27759.0;19622.0;1136.7248378;Rural
san alberto;cesar;26247.0;20857.0;565.844091885;Rural
san diego;cesar;19022.0;10517.0;650.02451878;Rural
san martin;cesar;26674.0;14370.0;986.006191859;Rural
tamalameque;cesar;15339.0;6072.0;606.888976187;Rural
monteria;cordoba;490935.0;388499.0;2997.70842703;Urbana
ayapel;cordoba;46968.0;27626.0;1927.5224521500002;Intermedia
buenavista;cordoba;21078.0;7755.0;826.684941695;Rural
canalete;cordoba;15353.0;3840.0;338.558284509;Rural disperso
cerete;cordoba;105815.0;59224.0;269.246084182;Intermedia
chima;cordoba;17529.0;3817.0;326.649405344;Rural
chinu;cordoba;47917.0;20083.0;593.556329033;Intermedia
cienaga de oro;cordoba;59086.0;22469.0;646.122964768;Intermedia
cotorra;cordoba;19041.0;5939.0;80.5703591242;Intermedia
la apartada;cordoba;14866.0;11380.0;252.975104506;Intermedia
lorica;cordoba;113909.0;53420.0;894.736783268;Intermedia
los cordobas;cordoba;18717.0;3768.0;465.391448788;Rural disperso
momil;cordoba;19590.0;11825.0;157.45011064899998;Intermedia
montelibano;cordoba;81641.0;61589.0;1790.38700559;Intermedia
monitos;cordoba;29833.0;6325.0;211.565477486;Intermedia
planeta rica;cordoba;64205.0;41228.0;1219.4875121199998;Intermedia
pueblo nuevo;cordoba;35655.0;10167.0;812.385298104;Rural disperso
puerto escondido;cordoba;23649.0;4209.0;433.95648496399997;Rural
puerto libertador;cordoba;41873.0;13220.0;2039.31190138;Rural
purisima;cordoba;17206.0;7217.0;122.50643287000001;Intermedia
sahagun;cordoba;107636.0;53725.0;970.432045256;Intermedia
san andres sotavento;cordoba;48610.0;9750.0;317.587111198;Intermedia
san antero;cordoba;33878.0;15995.0;209.98784888999998;Intermedia
san bernardo del viento;cordoba;37007.0;9091.0;324.45067084500005;Intermedia
san carlos;cordoba;26954.0;4629.0;502.863494171;Rural
san jose de ure(1);cordoba;13345.0;5160.0;516.19;Rural
san pelayo;cordoba;51838.0;9105.0;483.938155634;Intermedia
tierralta;cordoba;92349.0;42254.0;4859.98959938;Intermedia
tuchin;cordoba;52606.0;7576.0;32.0;Intermedia
valencia;cordoba;35694.0;16434.0;988.918192095;Rural
agua de dios;cundinamarca;11685.0;9113.0;72.1709087201;Intermedia
alban;cundinamarca;6438.0;1715.0;57.8267038249;Intermedia
anapoima;cundinamarca;14519.0;5801.0;126.34213315199999;Intermedia
anolaima;cundinamarca;13816.0;4327.0;114.719023235;Intermedia
arbelaez;cundinamarca;10860.0;4326.0;161.126751423;Intermedia
beltran;cundinamarca;1789.0;362.0;187.549099636;Rural disperso
bituima;cundinamarca;2467.0;451.0;56.371473712;Rural disperso
bojaca;cundinamarca;9913.0;7680.0;102.752452672;Intermedia
cabrera;cundinamarca;4722.0;1114.0;496.17671191000005;Rural disperso
cachipay;cundinamarca;9972.0;3511.0;60.2171147562;Intermedia
cajica;cundinamarca;82244.0;54111.0;55.263055831500004;Intermedia
caparrapi;cundinamarca;12569.0;3083.0;614.520320697;Rural disperso
caqueza;cundinamarca;17099.0;7552.0;108.463069594;Intermedia
carmen de carupa;cundinamarca;7580.0;2093.0;316.95157111000003;Rural disperso
chaguani;cundinamarca;4182.0;952.0;171.747796711;Rural disperso
chia;cundinamarca;132181.0;105509.0;79.63575961;Urbana
chipaque;cundinamarca;9467.0;2697.0;115.700535757;Rural
choachi;cundinamarca;10961.0;4160.0;213.39639905500002;Intermedia
choconta;cundinamarca;20568.0;10554.0;306.600110883;Intermedia
cogua;cundinamarca;22067.0;7653.0;131.026617426;Intermedia
cota;cundinamarca;32691.0;20462.0;56.4243978775;Intermedia
cucunuba;cundinamarca;7626.0;1131.0;112.380126217;Rural
el colegio;cundinamarca;23886.0;10251.0;118.64978672;Intermedia
el penon;cundinamarca;4681.0;577.0;133.809568243;Rural disperso
el rosal;cundinamarca;22065.0;18958.0;83.5134306905;Intermedia
facatativa;cundinamarca;139441.0;125348.0;156.260251977;Urbana
fomeque;cundinamarca;11986.0;5203.0;469.14437106300005;Rural
fosca;cundinamarca;5784.0;1367.0;113.343437038;Rural
funza;cundinamarca;93154.0;90671.0;71.59360029770001;Intermedia
fuquene;cundinamarca;4904.0;168.0;81.8019844331;Rural
fusagasuga;cundinamarca;138498.0;114722.0;197.552558476;Urbana
gachala;cundinamarca;4436.0;1546.0;382.922031223;Rural
gachancipa;cundinamarca;17026.0;11252.0;46.8340465677;Intermedia
gacheta;cundinamarca;8425.0;3388.0;261.649824405;Rural
gama;cundinamarca;3120.0;710.0;109.668466554;Rural disperso
girardot;cundinamarca;101018.0;95427.0;132.318594292;Intermedia
granada;cundinamarca;7179.0;1840.0;49.6275152006;Intermedia
guacheta;cundinamarca;13285.0;5928.0;196.541985415;Intermedia
guaduas;cundinamarca;30524.0;13614.0;763.348172513;Rural
guasca;cundinamarca;15348.0;6121.0;343.12069577;Rural
guataqui;cundinamarca;2848.0;1204.0;87.4891266286;Rural
guatavita;cundinamarca;6325.0;2212.0;243.99417549;Rural
guayabal de siquima;cundinamarca;4444.0;1018.0;64.32534327329999;Rural
guayabetal;cundinamarca;6232.0;1967.0;217.63837227000002;Rural
gutierrez;cundinamarca;3410.0;983.0;469.824410474;Rural disperso
jerusalen;cundinamarca;2281.0;800.0;227.294891665;Rural
junin;cundinamarca;5823.0;833.0;340.306061616;Rural disperso
la calera;cundinamarca;29868.0;13470.0;336.837568007;Intermedia
la mesa;cundinamarca;32694.0;16854.0;155.900189966;Intermedia
la palma;cundinamarca;9467.0;4125.0;185.833574627;Intermedia
la pena;cundinamarca;5911.0;1023.0;126.81929135600001;Rural disperso
la vega;cundinamarca;16986.0;6213.0;158.84953703;Intermedia
lenguazaque;cundinamarca;10080.0;2798.0;150.94891869600002;Rural
macheta;cundinamarca;6124.0;1584.0;221.265447631;Rural disperso
madrid;cundinamarca;112254.0;102710.0;124.968894296;Urbana
manta;cundinamarca;3737.0;990.0;112.790477758;Rural disperso
medina;cundinamarca;8014.0;4103.0;1189.31914408;Rural disperso
mosquera;cundinamarca;130221.0;128012.0;104.059170946;Urbana
narino;cundinamarca;2333.0;1641.0;56.0088782656;Rural
nemocon;cundinamarca;13171.0;6389.0;98.9277681829;Intermedia
nilo;cundinamarca;10819.0;2752.0;230.617862747;Rural disperso
nimaima;cundinamarca;3589.0;685.0;64.2698405443;Rural
nocaima;cundinamarca;6092.0;1918.0;67.7591234098;Intermedia
venecia;cundinamarca;4218.0;1202.0;108.111053892;Rural disperso
pacho;cundinamarca;24413.0;12714.0;409.892464295;Intermedia
paime;cundinamarca;4186.0;507.0;177.857071037;Rural disperso
pandi;cundinamarca;4973.0;1097.0;87.30478215279999;Rural
paratebueno;cundinamarca;8328.0;3455.0;916.566923672;Rural disperso
pasca;cundinamarca;9105.0;2763.0;256.50879134999997;Rural
puerto salgar;cundinamarca;15453.0;11082.0;511.95938314800003;Rural
puli;cundinamarca;3327.0;679.0;193.116532242;Rural disperso
quebradanegra;cundinamarca;4724.0;426.0;78.7424225327;Rural
quetame;cundinamarca;5072.0;1358.0;144.716222866;Rural disperso
quipile;cundinamarca;6291.0;656.0;126.055962161;Rural disperso
apulo;cundinamarca;8192.0;3539.0;120.534280852;Intermedia
ricaurte;cundinamarca;12881.0;6867.0;134.047272211;Intermedia
san antonio del tequendama;cundinamarca;11870.0;907.0;91.8358365128;Intermedia
san bernardo;cundinamarca;8487.0;3488.0;229.93263318200002;Rural
san cayetano;cundinamarca;4846.0;601.0;311.41170044300003;Rural disperso
san francisco;cundinamarca;10755.0;4384.0;115.921309062;Intermedia
san juan de rio seco;cundinamarca;8181.0;2986.0;320.33522823100003;Rural
sasaima;cundinamarca;10711.0;2555.0;102.772364881;Intermedia
sesquile;cundinamarca;11423.0;3425.0;136.79710383199998;Rural
sibate;cundinamarca;33491.0;23644.0;117.37816169599999;Intermedia
silvania;cundinamarca;21625.0;6881.0;172.207717568;Intermedia
simijaca;cundinamarca;12847.0;7407.0;109.05121722;Intermedia
soacha;cundinamarca;660179.0;655025.0;185.820237601;Urbana
sopo;cundinamarca;25782.0;17435.0;115.080767001;Intermedia
subachoque;cundinamarca;15690.0;7250.0;212.212698313;Intermedia
suesca;cundinamarca;17021.0;7443.0;180.513393896;Intermedia
supata;cundinamarca;5203.0;1638.0;132.338625451;Rural
susa;cundinamarca;6454.0;2175.0;104.836919505;Intermedia
sutatausa;cundinamarca;5887.0;1885.0;59.9232278323;Intermedia
tabio;cundinamarca;21665.0;6317.0;70.7378014601;Intermedia
tausa;cundinamarca;8067.0;1370.0;200.472745171;Rural disperso
tena;cundinamarca;9567.0;596.0;50.6481341001;Intermedia
tenjo;cundinamarca;21935.0;8624.0;111.764640323;Intermedia
tibacuy;cundinamarca;4335.0;549.0;86.5410515786;Rural
tibirita;cundinamarca;3158.0;520.0;58.7750495494;Rural
tocaima;cundinamarca;15735.0;9589.0;250.872967255;Intermedia
tocancipa;cundinamarca;39996.0;15355.0;67.7087107866;Intermedia
topaipi;cundinamarca;4139.0;674.0;146.621090141;Rural disperso
ubala;cundinamarca;7717.0;1432.0;525.710831867;Rural disperso
ubaque;cundinamarca;6727.0;1094.0;120.31921488799999;Rural
villa de san diego de ubate;cundinamarca;42558.0;31042.0;107.416368868;Intermedia
une;cundinamarca;6945.0;3618.0;228.40944313;Rural
utica;cundinamarca;4246.0;2406.0;91.7131187894;Rural
vergara;cundinamarca;6847.0;1213.0;144.632727101;Rural disperso
viani;cundinamarca;4339.0;1449.0;69.0999573549;Intermedia
villagomez;cundinamarca;1758.0;610.0;62.075024095299995;Rural
villapinzon;cundinamarca;17187.0;6373.0;214.145712619;Intermedia
villeta;cundinamarca;26873.0;17985.0;138.407013775;Intermedia
viota;cundinamarca;13234.0;4286.0;203.088935079;Intermedia
yacopi;cundinamarca;12322.0;2848.0;947.999147283;Rural disperso
zipacon;cundinamarca;4659.0;1228.0;54.5573371914;Rural
zipaquira;cundinamarca;130537.0;106461.0;183.711420334;Urbana
quibdo;choco;129237.0;113124.0;3238.6406886100003;Urbana
acandi;choco;13999.0;6895.0;886.3631805599999;Rural
alto baudo;choco;27584.0;3356.0;1796.88390192;Rural disperso
atrato;choco;6063.0;2858.0;453.223844317;Rural
bagado;choco;11011.0;2589.0;765.9043378350001;Rural disperso
bahia solano;choco;10123.0;6172.0;1067.59797633;Rural disperso
bajo baudo;choco;29957.0;7041.0;3363.8722922399998;Rural disperso
bojaya;choco;12073.0;1158.0;3513.91687954;Rural disperso
el canton del san pablo;choco;6116.0;2844.0;416.962770447;Rural
carmen del darien;choco;18433.0;2276.0;3282.8160293299998;Rural disperso
certegui;choco;5635.0;3321.0;236.40498625200001;Rural
condoto;choco;12663.0;9696.0;815.703296225;Rural
el carmen de atrato;choco;8193.0;2510.0;970.299517605;Rural disperso
el litoral del san juan;choco;21669.0;1843.0;3701.13939673;Rural disperso
istmina;choco;30742.0;22258.0;1956.5094088399999;Rural
jurado;choco;6685.0;2511.0;1318.37241346;Rural disperso
lloro;choco;9786.0;3376.0;797.107119497;Rural
medio atrato;choco;10672.0;944.0;1772.35689339;Rural disperso
medio baudo;choco;15109.0;2307.0;1418.09928107;Rural disperso
medio san juan;choco;10579.0;2622.0;701.189194897;Rural disperso
novita;choco;9153.0;3498.0;1160.34867338;Rural disperso
nuqui;choco;16223.0;1685.0;1000.43192007;Rural disperso
rio iro;choco;5467.0;1539.0;122.108534141;Rural disperso
rio quito;choco;8236.0;2335.0;703.26301451;Rural disperso
riosucio;choco;53449.0;14299.0;5907.27354913;Rural disperso
san jose del palmar;choco;5114.0;1355.0;1008.96743806;Rural disperso
sipi;choco;3174.0;742.0;1242.87469744;Rural disperso
tado;choco;18011.0;10753.0;824.1147649220001;Rural
unguia;choco;12854.0;4343.0;1374.16609764;Rural disperso
union panamericana;choco;6816.0;2944.0;190.336395767;Rural
neiva;huila;357392.0;335994.0;1339.5826454100002;Urbana
acevedo;huila;24774.0;4640.0;668.396793183;Rural disperso
agrado;huila;8800.0;5664.0;266.258127143;Rural
aipe;huila;16163.0;10553.0;814.636983805;Rural
algeciras;huila;22481.0;10806.0;623.868965464;Rural
altamira;huila;4275.0;2425.0;197.75608186000002;Rural
baraya;huila;8338.0;3975.0;679.515874001;Rural
campoalegre;huila;31087.0;23787.0;470.132732471;Intermedia
colombia;huila;7285.0;2205.0;1841.16241699;Rural disperso
elias;huila;4211.0;1439.0;76.16646801819999;Intermedia
garzon;huila;72382.0;38923.0;620.65421767;Intermedia
gigante;huila;24583.0;9766.0;514.996096803;Rural
guadalupe;huila;17890.0;5497.0;225.252055941;Intermedia
hobo;huila;7286.0;5639.0;206.422895323;Rural
iquira;huila;9248.0;2652.0;517.4075010720001;Rural disperso
isnos;huila;25186.0;6148.0;654.436207902;Rural disperso
la argentina;huila;12866.0;4796.0;392.47887046;Rural
la plata;huila;61026.0;25791.0;1225.7520511300002;Intermedia
nataga;huila;6469.0;2648.0;146.71990595699998;Rural
oporapa;huila;11629.0;2355.0;141.709394884;Rural
paicol;huila;6583.0;2775.0;305.57756672799997;Rural
palermo;huila;26279.0;12475.0;826.8647089680001;Rural
palestina;huila;11159.0;1755.0;242.946901575;Rural disperso
pital;huila;13787.0;4892.0;194.71953084;Intermedia
pitalito;huila;124359.0;73319.0;575.541482199;Intermedia
rivera;huila;24312.0;11720.0;351.557385709;Intermedia
saladoblanco;huila;10444.0;1844.0;295.05671606199996;Rural disperso
san agustin;huila;33028.0;11158.0;1548.51047325;Rural
santa maria;huila;10405.0;2527.0;357.22936386400005;Rural disperso
suaza;huila;21853.0;4507.0;336.97893872000003;Rural
tarqui;huila;17440.0;5499.0;331.827127943;Intermedia
tesalia;huila;10697.0;5317.0;334.30815528799997;Rural
tello;huila;11800.0;5173.0;562.886351061;Rural
teruel;huila;8052.0;4270.0;530.35312965;Rural
timana;huila;21799.0;7883.0;188.895357868;Intermedia
villavieja;huila;7288.0;2459.0;530.458403838;Rural
yaguara;huila;7730.0;6421.0;321.101320709;Rural
riohacha;la guajira;188014.0;126103.0;3009.3333817800003;Urbana
albania;la guajira;29148.0;15783.0;556.249942666;Intermedia
barrancas;la guajira;35743.0;15818.0;796.116965134;Rural
dibulla;la guajira;37740.0;4884.0;1799.5367818;Rural disperso
distraccion;la guajira;13016.0;5871.0;218.793190678;Intermedia
el molino;la guajira;7185.0;6383.0;185.148865637;Rural
fonseca;la guajira;42772.0;35754.0;503.00413510799996;Intermedia
hatonuevo;la guajira;20044.0;11905.0;212.689648261;Intermedia
la jagua del pilar;la guajira;3498.0;2162.0;192.902428616;Rural
maicao;la guajira;170582.0;103354.0;1714.41313157;Urbana
manaure;la guajira;83072.0;8625.0;1618.61302873;Rural
san juan del cesar;la guajira;46953.0;30385.0;1360.96006399;Intermedia
uribia;la guajira;163462.0;7698.0;7854.229700010001;Rural disperso
urumita;la guajira;10985.0;9423.0;241.746761437;Rural
villanueva;la guajira;28346.0;26488.0;254.87253807800002;Intermedia
santa marta;magdalena;499192.0;455299.0;2329.43662911;Urbana
algarrobo;magdalena;15511.0;10096.0;413.637289767;Rural
aracataca;magdalena;39857.0;23623.0;1697.5891488099999;Rural
ariguani;magdalena;30218.0;19075.0;1156.80561274;Rural
cerro san antonio;magdalena;9890.0;5365.0;175.570750588;Intermedia
chivolo;magdalena;21862.0;13782.0;529.416771704;Rural
cienaga;magdalena;120071.0;104999.0;1318.45921354;Urbana
concordia;magdalena;10505.0;4177.0;116.593769513;Intermedia
el banco;magdalena;65457.0;41881.0;812.769527855;Intermedia
el pinon;magdalena;22530.0;7445.0;551.266083962;Rural
el reten;magdalena;19697.0;15549.0;273.434855809;Intermedia
fundacion;magdalena;66433.0;56814.0;995.4078193329999;Intermedia
guamal;magdalena;26620.0;8437.0;531.115328419;Intermedia
nueva granada;magdalena;19663.0;8132.0;852.606059285;Rural
pedraza;magdalena;9196.0;3017.0;310.55774156800004;Rural
pijino del carmen;magdalena;12093.0;5710.0;679.960888028;Rural
pivijay;magdalena;37341.0;21777.0;1637.67497293;Rural
plato;magdalena;61766.0;47141.0;1434.3490528;Intermedia
puebloviejo;magdalena;29824.0;9897.0;655.838378311;Rural
remolino;magdalena;11445.0;7375.0;588.0651164010001;Rural
sabanas de san angel;magdalena;15644.0;4559.0;1234.49019233;Rural disperso
salamina;magdalena;10733.0;7151.0;170.493680843;Intermedia
san sebastian de buenavista;magdalena;19523.0;6071.0;445.434112639;Rural
san zenon;magdalena;11681.0;1470.0;245.97404497;Rural disperso
santa ana;magdalena;25438.0;13851.0;1113.7320536900002;Rural
santa barbara de pinto;magdalena;10575.0;6616.0;484.269121336;Rural
sitionuevo;magdalena;27128.0;14239.0;984.9941088329999;Rural
tenerife;magdalena;13236.0;6511.0;495.259276529;Rural
zapayan;magdalena;9895.0;3846.0;353.50230312;Rural
zona bananera;magdalena;68722.0;4415.0;443.39274725700005;Intermedia
villavicencio;meta;531275.0;492052.0;1319.2233054100002;Urbana
acacias;meta;88023.0;67906.0;1239.16964246;Intermedia
barranca de upia;meta;6440.0;4425.0;433.434634989;Rural
cabuyaro;meta;6062.0;2993.0;913.289764804;Rural disperso
castilla la nueva;meta;14300.0;6154.0;497.450987163;Rural
cubarral;meta;6963.0;4576.0;1225.83949749;Rural disperso
cumaral;meta;22831.0;15006.0;629.841513826;Rural
el calvario;meta;1776.0;590.0;278.740440488;Rural disperso
el castillo;meta;7977.0;3020.0;649.1925310490001;Rural
el dorado;meta;3888.0;1412.0;143.617759706;Rural
fuente de oro;meta;12129.0;6923.0;522.995937623;Rural
granada;meta;68876.0;58293.0;390.302477828;Intermedia
guamal;meta;14119.0;9609.0;617.748493006;Rural
mapiripan;meta;7007.0;2471.0;11956.343589200002;Rural disperso
mesetas;meta;11159.0;4546.0;1958.85110231;Rural disperso
la macarena;meta;26890.0;4723.0;10685.881318799999;Rural disperso
uribe;meta;9284.0;2128.0;6164.73423353;Rural disperso
lejanias;meta;11463.0;4823.0;774.6140414179999;Rural
puerto concordia;meta;8390.0;3420.0;1286.8319554500001;Rural disperso
puerto gaitan;meta;41513.0;20659.0;17319.6924867;Rural disperso
puerto lopez;meta;30399.0;18575.0;6942.688031600001;Rural disperso
puerto lleras;meta;10423.0;4087.0;2520.7010281999997;Rural disperso
puerto rico;meta;13061.0;6439.0;3331.4861216599998;Rural disperso
restrepo;meta;18268.0;12190.0;328.507209516;Intermedia
san carlos de guaroa;meta;12296.0;6300.0;801.179913222;Rural
san juan de arama;meta;9118.0;4357.0;1179.96961158;Rural disperso
san juanito;meta;1307.0;672.0;232.033559115;Rural disperso
san martin;meta;26707.0;19458.0;5985.496490109999;Rural disperso
vistahermosa;meta;17778.0;7254.0;4878.92704134;Rural disperso
pasto;narino;392930.0;308095.0;1002.78935557;Urbana
alban;narino;9642.0;2691.0;45.8197488779;Intermedia
aldana;narino;7392.0;1549.0;55.6680336055;Intermedia
ancuya;narino;8801.0;2147.0;67.8182030053;Intermedia
arboleda;narino;8443.0;1172.0;61.6863282145;Intermedia
barbacoas;narino;55633.0;12075.0;2515.06900796;Rural disperso
belen;narino;6322.0;3262.0;37.3545125805;Intermedia
buesaco;narino;23908.0;6552.0;647.015965294;Rural disperso
colon;narino;8526.0;1089.0;63.964286359300004;Intermedia
consaca;narino;13784.0;2146.0;126.00833946799999;Intermedia
contadero;narino;7270.0;1310.0;41.4624185371;Intermedia
cordoba;narino;15516.0;3081.0;273.65363454000004;Rural
cuaspud;narino;9201.0;2708.0;49.011994115099995;Intermedia
cumbal;narino;36864.0;6835.0;1163.7285681600001;Rural disperso
cumbitara;narino;5948.0;1608.0;387.13160358;Rural disperso
chachagui;narino;15354.0;4332.0;143.674184032;Intermedia
el charco;narino;22505.0;7234.0;2290.1610768699998;Rural disperso
el penol;narino;7446.0;1340.0;125.770912886;Rural
el rosario;narino;12280.0;1781.0;611.7797770679999;Rural disperso
el tablon de gomez;narino;14342.0;1583.0;267.980728436;Rural
el tambo;narino;14283.0;5251.0;248.872513786;Intermedia
funes;narino;7222.0;3091.0;383.00490101599996;Rural
guachucal;narino;19450.0;3071.0;149.42138984099998;Intermedia
guaitarilla;narino;11582.0;4378.0;123.639620669;Intermedia
gualmatan;narino;7057.0;2994.0;32.664156365400004;Intermedia
iles;narino;7662.0;2133.0;76.72331663140001;Rural
imues;narino;7657.0;1016.0;79.1986726637;Rural
ipiales;narino;116136.0;77343.0;1569.36765922;Intermedia
la cruz;narino;18754.0;8018.0;221.424571428;Intermedia
la florida;narino;10104.0;1980.0;131.21522636699999;Rural
la llanada;narino;6492.0;3156.0;303.49085457700005;Rural
la tola;narino;7411.0;2928.0;317.419220939;Rural
la union;narino;31858.0;12793.0;146.80180482;Intermedia
leiva;narino;9768.0;2967.0;299.848394353;Rural
linares;narino;10236.0;2230.0;138.297980437;Rural
los andes;narino;9547.0;4376.0;847.442323718;Rural
magui;narino;24705.0;7325.0;1623.87811877;Rural disperso
mallama;narino;8976.0;1218.0;494.62043329;Rural disperso
mosquera;narino;11984.0;5677.0;546.375505352;Rural
narino;narino;4364.0;2653.0;52.2880845027;Intermedia
olaya herrera;narino;25358.0;10859.0;767.188082085;Rural
ospina;narino;7105.0;1965.0;62.4599414643;Intermedia
francisco pizarro;narino;14193.0;5423.0;562.579223439;Rural
policarpa;narino;9897.0;2596.0;423.964110108;Rural disperso
potosi;narino;10414.0;2097.0;292.72853737;Rural disperso
providencia;narino;5572.0;1501.0;37.672840586;Intermedia
puerres;narino;8581.0;3451.0;318.191063399;Rural
pupiales;narino;17491.0;6192.0;126.516824333;Intermedia
ricaurte;narino;19631.0;2399.0;1473.83061548;Rural disperso
roberto payan;narino;12667.0;3389.0;1252.40777144;Rural disperso
samaniego;narino;29414.0;9462.0;574.049071557;Intermedia
sandona;narino;20773.0;10112.0;93.558508131;Intermedia
san bernardo;narino;9202.0;2595.0;65.9755883674;Intermedia
san lorenzo;narino;18473.0;2180.0;249.118159166;Rural
san pablo;narino;15389.0;4051.0;116.042717266;Intermedia
san pedro de cartago;narino;6843.0;849.0;56.9999028724;Intermedia
santa barbara;narino;13427.0;3608.0;1125.2210441099999;Rural disperso
santacruz;narino;10796.0;1529.0;508.635978168;Rural disperso
sapuyes;narino;7346.0;1436.0;126.14342738699999;Rural
taminango;narino;17854.0;3999.0;231.233600838;Rural
tangua;narino;13507.0;2763.0;220.691044987;Rural
tumaco;narino;253637.0;86320.0;3799.86520211;Intermedia
tuquerres;narino;44729.0;17302.0;210.185497018;Intermedia
yacuanquer;narino;10938.0;3326.0;107.789814189;Intermedia
cucuta;norte de santander;711715.0;685445.0;1140.55666191;Urbana
abrego;norte de santander;31786.0;15896.0;1389.33211946;Rural
arboledas;norte de santander;9605.0;2207.0;464.801115968;Rural disperso
bochalema;norte de santander;8105.0;3038.0;189.889272027;Rural
bucarasica;norte de santander;6248.0;502.0;268.994466647;Rural disperso
cacota;norte de santander;2781.0;913.0;128.82060616500002;Rural
cachira;norte de santander;10995.0;1772.0;623.4830434730001;Rural disperso
chinacota;norte de santander;17263.0;11083.0;161.821662976;Intermedia
chitaga;norte de santander;11564.0;4331.0;1178.4147037999999;Rural disperso
convencion;norte de santander;18463.0;7417.0;957.719664388;Rural
cucutilla;norte de santander;8095.0;1502.0;363.349895757;Rural disperso
durania;norte de santander;4541.0;2216.0;171.935010128;Rural
el carmen;norte de santander;13144.0;2196.0;1681.21553829;Rural disperso
el tarra;norte de santander;20093.0;8371.0;721.584960475;Rural
el zulia;norte de santander;26700.0;16307.0;514.097087082;Intermedia
gramalote;norte de santander;7295.0;2482.0;145.13944328099998;Intermedia
hacari;norte de santander;9998.0;1339.0;417.297650926;Rural disperso
herran;norte de santander;6755.0;1204.0;115.98027540800001;Rural
labateca;norte de santander;6268.0;1619.0;273.256343225;Rural disperso
la esperanza;norte de santander;11358.0;1660.0;658.94503303;Rural disperso
la playa;norte de santander;7582.0;851.0;251.88603396399998;Rural disperso
los patios;norte de santander;89091.0;86266.0;129.404439353;Intermedia
lourdes;norte de santander;3954.0;1831.0;96.3319885263;Rural
mutiscua;norte de santander;4163.0;796.0;156.040336702;Rural disperso
ocana;norte de santander;118273.0;106159.0;652.8805780060001;Urbana
pamplona;norte de santander;50025.0;46013.0;305.427381253;Intermedia
pamplonita;norte de santander;5402.0;1091.0;162.517978014;Rural disperso
puerto santander;norte de santander;8502.0;7938.0;45.7986024622;Intermedia
ragonvalia;norte de santander;5899.0;2874.0;102.97034620900001;Intermedia
salazar;norte de santander;10205.0;3845.0;495.113339638;Rural
san calixto;norte de santander;12011.0;2008.0;394.375578321;Rural disperso
san cayetano;norte de santander;6978.0;2288.0;143.730269662;Rural
santiago;norte de santander;3361.0;1749.0;181.736819013;Rural
sardinata;norte de santander;25142.0;9398.0;1445.2649568900001;Rural
silos;norte de santander;6162.0;871.0;383.62808597000003;Rural disperso
teorama;norte de santander;16193.0;2518.0;912.901743914;Rural disperso
tibu;norte de santander;53586.0;19627.0;2664.99628836;Rural
toledo;norte de santander;15440.0;5273.0;1509.04259583;Rural
villa caro;norte de santander;4996.0;2179.0;399.091745061;Rural
villa del rosario;norte de santander;101952.0;98637.0;101.068921463;Intermedia
armenia;quindio;295208.0;287245.0;119.59926890800001;Urbana
buenavista;quindio;3095.0;1212.0;37.8846329913;Intermedia
calarca;quindio;72783.0;56505.0;230.16183487700002;Intermedia
circasia;quindio;28162.0;21025.0;91.5313998671;Intermedia
cordoba;quindio;5642.0;3363.0;99.5796825509;Intermedia
filandia;quindio;12066.0;6640.0;105.305178324;Intermedia
genova;quindio;7516.0;4269.0;298.970328433;Rural
la tebaida;quindio;33451.0;29752.0;91.3212865171;Intermedia
montenegro;quindio;36751.0;30130.0;148.913885986;Intermedia
pijao;quindio;5219.0;2977.0;263.366758036;Rural
quimbaya;quindio;30751.0;24913.0;134.76915013800001;Intermedia
salento;quindio;9260.0;3879.0;361.30126317;Rural
pereira;risaralda;467269.0;385838.0;596.985803801;Urbana
apia;risaralda;12406.0;5453.0;152.076819849;Intermedia
balboa;risaralda;6423.0;1518.0;120.116710698;Rural
belen de umbria;risaralda;24690.0;12460.0;176.043111909;Intermedia
dosquebradas;risaralda;217178.0;204280.0;69.7506080624;Urbana
guatica;risaralda;12158.0;3558.0;99.3717272315;Intermedia
la celia;risaralda;7514.0;2881.0;90.1944091789;Intermedia
la virginia;risaralda;27923.0;27189.0;32.9491732249;Intermedia
marsella;risaralda;16940.0;8521.0;149.63840897799997;Intermedia
mistrato;risaralda;16950.0;3892.0;609.1752638639999;Rural disperso
pueblo rico;risaralda;16156.0;2740.0;628.678429566;Rural disperso
quinchia;risaralda;27292.0;7209.0;145.434008933;Intermedia
santa rosa de cabal;risaralda;77838.0;64297.0;567.524459768;Intermedia
santuario;risaralda;12664.0;6328.0;210.28458167899998;Intermedia
bucaramanga;santander;581130.0;570752.0;156.081979491;Urbana
aguada;santander;1855.0;313.0;68.97482277079999;Rural disperso
albania;santander;4129.0;597.0;185.507037085;Rural disperso
aratoca;santander;8229.0;2380.0;159.580639243;Rural
barbosa;santander;31050.0;23249.0;50.0907870841;Intermedia
barichara;santander;10486.0;3113.0;126.499832095;Rural
barrancabermeja;santander;203537.0;177272.0;1280.81692026;Urbana
betulia;santander;5941.0;1313.0;420.614038671;Rural disperso
bolivar;santander;11287.0;1495.0;994.681045143;Rural disperso
cabrera;santander;1937.0;395.0;69.53220718819999;Rural disperso
california;santander;2130.0;931.0;45.0655119185;Rural
capitanejo;santander;5505.0;3452.0;78.9753709224;Intermedia
carcasi;santander;4292.0;640.0;263.213827657;Rural disperso
cepita;santander;2015.0;517.0;107.045373405;Rural disperso
cerrito;santander;6729.0;3329.0;428.696474361;Rural
charala;santander;12270.0;7218.0;386.88109935;Rural
charta;santander;2888.0;716.0;127.742698217;Rural disperso
chima;santander;2875.0;810.0;182.572837906;Rural disperso
chipata;santander;5075.0;637.0;76.4043553017;Rural
cimitarra;santander;32947.0;13943.0;3182.10794088;Rural
concepcion;santander;5738.0;2780.0;345.379811728;Rural
confines;santander;3159.0;687.0;58.3431569054;Rural
contratacion;santander;3679.0;2798.0;93.9844525706;Rural
coromoro;santander;5015.0;723.0;570.869556068;Rural disperso
curiti;santander;12717.0;4577.0;241.397865171;Intermedia
el carmen de chucuri;santander;20916.0;2821.0;900.259651931;Rural disperso
el guacamayo;santander;2167.0;677.0;114.73649322499999;Rural
el penon;santander;5279.0;712.0;394.862386287;Rural disperso
el playon;santander;13713.0;7037.0;457.822621492;Rural
encino;santander;2552.0;526.0;402.046178832;Rural disperso
enciso;santander;3461.0;849.0;76.3728523277;Rural disperso
florian;santander;5562.0;1218.0;199.744311167;Rural disperso
floridablanca;santander;291935.0;280025.0;96.08870180480001;Urbana
galan;santander;2886.0;812.0;209.365829862;Rural disperso
gambita;santander;4021.0;653.0;520.519478283;Rural disperso
giron;santander;160403.0;141107.0;492.56405889499996;Urbana
guaca;santander;5916.0;1508.0;269.987594102;Rural disperso
guadalupe;santander;4511.0;1693.0;194.683002428;Rural
guapota;santander;2375.0;665.0;59.1917874969;Rural disperso
guavata;santander;4230.0;1027.0;75.21047513869999;Rural
guepsa;santander;5114.0;3071.0;44.9744418589;Intermedia
hato;santander;2328.0;657.0;188.650952132;Rural disperso
jesus maria;santander;3342.0;719.0;100.482500985;Rural disperso
jordan;santander;1314.0;99.0;36.0307226894;Rural disperso
la belleza;santander;6198.0;1696.0;284.326729401;Rural disperso
landazuri;santander;10384.0;3182.0;611.688977326;Rural
la paz;santander;4953.0;756.0;270.53634742400004;Rural disperso
lebrija;santander;41835.0;22732.0;539.8556753400001;Intermedia
los santos;santander;14106.0;1643.0;290.21963766799996;Rural disperso
macaravita;santander;2171.0;280.0;107.363833578;Rural disperso
malaga;santander;20945.0;18091.0;56.587538634400005;Intermedia
matanza;santander;4976.0;1445.0;109.77877981900001;Rural disperso
mogotes;santander;10527.0;4135.0;506.918500833;Rural
molagavita;santander;4137.0;620.0;175.305984689;Rural disperso
ocamonte;santander;5661.0;809.0;53.500019404;Intermedia
oiba;santander;10800.0;4791.0;310.077633552;Rural
onzaga;santander;4183.0;1232.0;495.543945033;Rural disperso
palmar;santander;1361.0;467.0;22.4464757458;Intermedia
palmas del socorro;santander;2535.0;779.0;62.2445301542;Rural
paramo;santander;4654.0;1251.0;80.5134938093;Rural
piedecuesta;santander;170625.0;139273.0;472.47022579500003;Urbana
pinchote;santander;5162.0;1072.0;56.405396652099995;Rural
puente nacional;santander;14654.0;5440.0;272.63223079;Intermedia
puerto parra;santander;7640.0;2605.0;760.696520575;Rural
puerto wilches;santander;32791.0;16175.0;1525.4137085799998;Rural
rionegro;santander;26438.0;6338.0;1270.63158626;Rural disperso
sabana de torres;santander;33055.0;22512.0;1446.38654638;Rural
san andres;santander;8683.0;3121.0;287.32457768800003;Rural
san benito;santander;2950.0;277.0;59.7010041268;Rural disperso
san gil;santander;56037.0;49050.0;155.75765018;Intermedia
san joaquin;santander;2241.0;819.0;145.296360978;Rural
san jose de miranda;santander;4367.0;889.0;73.15745846610001;Rural
san miguel;santander;2531.0;629.0;68.8419819122;Rural disperso
san vicente de chucuri;santander;33133.0;12288.0;1093.9566421700001;Rural
santa barbara;santander;2401.0;265.0;186.880036841;Rural disperso
santa helena del opon;santander;3389.0;768.0;353.819317514;Rural disperso
simacota;santander;10042.0;2185.0;953.263196689;Rural disperso
socorro;santander;32158.0;26232.0;123.739517671;Intermedia
suaita;santander;10031.0;2136.0;258.944416569;Rural disperso
sucre;santander;7202.0;550.0;544.40428423;Rural disperso
surata;santander;3975.0;909.0;373.246760091;Rural disperso
tona;santander;7373.0;538.0;335.682078295;Rural disperso
valle de san jose;santander;6084.0;2408.0;90.8694561921;Intermedia
velez;santander;24356.0;13159.0;470.310983523;Intermedia
vetas;santander;2114.0;729.0;90.54189769429999;Rural
villanueva;santander;7873.0;4564.0;105.22128082600001;Intermedia
zapatoca;santander;9466.0;6274.0;367.821033182;Rural
sincelejo;sucre;277773.0;249323.0;288.971493517;Urbana
buenavista;sucre;10441.0;8317.0;130.79234404000002;Intermedia
caimito;sucre;15231.0;3821.0;422.69188539600003;Rural disperso
coloso;sucre;8623.0;3832.0;125.220832766;Intermedia
corozal;sucre;67371.0;51372.0;276.358537972;Intermedia
covenas;sucre;18250.0;10856.0;54.34349526210001;Intermedia
chalan;sucre;4466.0;2853.0;84.0096970659;Intermedia
el roble;sucre;9944.0;4340.0;212.014049312;Rural
galeras;sucre;21982.0;11997.0;294.278408124;Intermedia
guaranda;sucre;17713.0;7122.0;370.275352811;Rural
la union;sucre;12349.0;5934.0;221.821878729;Intermedia
los palmitos;sucre;22880.0;11137.0;210.933050812;Intermedia
majagual;sucre;36650.0;10205.0;944.381435418;Rural disperso
morroa;sucre;15061.0;9031.0;173.59846817300001;Intermedia
ovejas;sucre;22871.0;11409.0;469.27590313999997;Rural
palmito;sucre;14114.0;4905.0;172.39752706099998;Intermedia
sampues;sucre;46455.0;23452.0;196.178734238;Intermedia
san benito abad;sucre;28673.0;5966.0;1511.4915522200001;Rural disperso
san juan de betulia;sucre;13535.0;6907.0;165.52390229699998;Intermedia
san marcos;sucre;57672.0;32275.0;961.183716039;Intermedia
san onofre;sucre;49633.0;19008.0;1033.2625235599999;Rural
san pedro;sucre;18590.0;12204.0;202.832056026;Intermedia
san luis de since;sucre;30773.0;22672.0;459.648818011;Intermedia
sucre;sucre;29552.0;7205.0;1103.4959657;Rural disperso
santiago de tolu;sucre;32922.0;26401.0;316.32818707999996;Intermedia
tolu viejo;sucre;21339.0;6545.0;281.450379874;Intermedia
ibague;tolima;529635.0;492554.0;1396.0402521800002;Urbana
alpujarra;tolima;4544.0;1991.0;534.745559931;Rural disperso
alvarado;tolima;8697.0;3236.0;342.439531994;Rural
ambalema;tolima;6657.0;5261.0;227.551097174;Rural
anzoategui;tolima;10217.0;1469.0;476.468527271;Rural disperso
armero;tolima;12696.0;8184.0;440.840853992;Rural
ataco;tolima;19330.0;4820.0;1034.15997522;Rural disperso
cajamarca;tolima;18471.0;9461.0;511.100574657;Rural
carmen de apicala;tolima;10117.0;7627.0;190.342339884;Intermedia
casabianca;tolima;6373.0;1720.0;183.687022235;Rural disperso
chaparral;tolima;50367.0;28615.0;2091.81604859;Intermedia
coello;tolima;8248.0;1482.0;333.933977046;Rural disperso
coyaima;tolima;22813.0;3836.0;670.372717791;Rural disperso
cunday;tolima;8745.0;2397.0;483.113800527;Rural disperso
dolores;tolima;8359.0;3503.0;588.842591338;Rural
espinal;tolima;70494.0;50664.0;213.414911172;Intermedia
falan;tolima;7693.0;1764.0;172.79123603;Rural disperso
flandes;tolima;28389.0;24551.0;101.069548283;Intermedia
fresno;tolima;31069.0;15713.0;227.748271617;Intermedia
guamo;tolima;32940.0;16656.0;508.596274235;Intermedia
herveo;tolima;7363.0;2179.0;345.91653835299996;Rural disperso
honda;tolima;24693.0;23658.0;315.771818902;Intermedia
icononzo;tolima;11887.0;3595.0;214.894997348;Intermedia
lerida;tolima;18574.0;13735.0;271.61263398;Intermedia
libano;tolima;36773.0;23605.0;284.960763783;Intermedia
mariquita;tolima;37770.0;27907.0;275.71962564600005;Intermedia
melgar;tolima;36536.0;29749.0;190.667454223;Intermedia
murillo;tolima;4113.0;1758.0;425.35857128;Rural disperso
natagaima;tolima;14835.0;7841.0;866.550784412;Rural
ortega;tolima;34607.0;6946.0;944.6030485319999;Rural disperso
palocabildo;tolima;9730.0;3000.0;64.9796473665;Intermedia
piedras;tolima;6711.0;2280.0;343.26954549299995;Rural
planadas;tolima;25764.0;6736.0;1667.05534956;Rural disperso
prado;tolima;8498.0;3745.0;416.84808847100004;Rural
purificacion;tolima;23536.0;13186.0;426.882927638;Intermedia
rioblanco;tolima;22771.0;3724.0;2000.85613479;Rural disperso
roncesvalles;tolima;5459.0;1875.0;787.794639023;Rural disperso
rovira;tolima;21674.0;10080.0;703.9187621369999;Rural
saldana;tolima;14435.0;8502.0;206.054918977;Intermedia
san antonio;tolima;12896.0;4351.0;386.521027603;Rural
san luis;tolima;13553.0;3765.0;424.23391719800003;Rural disperso
santa isabel;tolima;5769.0;2171.0;275.51408912;Rural
suarez;tolima;3813.0;1539.0;190.848028572;Rural
valle de san juan;tolima;5345.0;2104.0;191.813047505;Rural
venadillo;tolima;12817.0;8639.0;327.88980585;Rural
villahermosa;tolima;9283.0;3364.0;281.57913972399996;Rural
villarrica;tolima;5128.0;1968.0;453.242135969;Rural
cali;valle del cauca;2227642.0;2172527.0;532.6548952429999;Urbana
alcala;valle del cauca;14062.0;10398.0;61.0003883534;Intermedia
andalucia;valle del cauca;22436.0;17413.0;156.626356223;Intermedia
ansermanuevo;valle del cauca;17448.0;10285.0;352.668770068;Rural
argelia;valle del cauca;5397.0;2852.0;84.8085253236;Intermedia
bolivar;valle del cauca;16021.0;4414.0;789.868181034;Rural disperso
buenaventura;valle del cauca;308188.0;235064.0;6183.71944983;Urbana
guadalajara de buga;valle del cauca;127545.0;110905.0;847.381889641;Urbana
bugalagrande;valle del cauca;24318.0;12670.0;449.799784279;Intermedia
caicedonia;valle del cauca;28825.0;23840.0;150.373653787;Intermedia
calima;valle del cauca;18054.0;11469.0;937.3344084270001;Rural
candelaria;valle del cauca;91825.0;23579.0;296.183805106;Intermedia
cartago;valle del cauca;135729.0;131641.0;246.106757757;Urbana
dagua;valle del cauca;48443.0;10930.0;997.289177436;Rural disperso
el aguila;valle del cauca;8909.0;2407.0;251.502916597;Rural disperso
el cairo;valle del cauca;6845.0;3198.0;293.554057103;Rural
el cerrito;valle del cauca;56470.0;35977.0;441.035917101;Intermedia
el dovio;valle del cauca;8886.0;5397.0;311.661251552;Rural
florida;valle del cauca;57374.0;40195.0;411.427637042;Intermedia
ginebra;valle del cauca;22741.0;10242.0;266.781052166;Intermedia
guacari;valle del cauca;33191.0;20421.0;162.340426718;Intermedia
jamundi;valle del cauca;159877.0;123615.0;585.1345375440001;Urbana
la cumbre;valle del cauca;16316.0;2901.0;205.328103916;Rural
la union;valle del cauca;33953.0;26991.0;116.29646363799999;Intermedia
la victoria;valle del cauca;12174.0;9082.0;260.466336504;Rural
obando;valle del cauca;12312.0;8949.0;201.344882693;Intermedia
palmira;valle del cauca;349294.0;275254.0;1015.83728697;Urbana
pradera;valle del cauca;47615.0;41422.0;357.05031103600004;Intermedia
restrepo;valle del cauca;15307.0;10047.0;103.363580809;Intermedia
riofrio;valle del cauca;15554.0;7358.0;298.78996168000003;Intermedia
roldanillo;valle del cauca;36797.0;27626.0;203.03950110899999;Intermedia
san pedro;valle del cauca;16942.0;7571.0;190.798270773;Intermedia
sevilla;valle del cauca;42133.0;31816.0;569.567304684;Intermedia
toro;valle del cauca;14612.0;9968.0;179.56683972;Intermedia
trujillo;valle del cauca;19226.0;8857.0;229.090973335;Intermedia
tulua;valle del cauca;212685.0;174951.0;790.131661337;Urbana
ulloa;valle del cauca;5465.0;2549.0;37.675723847499995;Intermedia
versalles;valle del cauca;7263.0;4094.0;463.02456018;Rural
vijes;valle del cauca;12734.0;7899.0;117.465447343;Intermedia
yotoco;valle del cauca;16019.0;8326.0;374.97291615899996;Rural
yumbo;valle del cauca;107334.0;92630.0;230.844611228;Intermedia
zarzal;valle del cauca;41925.0;31812.0;352.350106172;Intermedia
arauca;arauca;85585.0;74195.0;5490.22114969;Intermedia
arauquita;arauca;49841.0;13720.0;3196.93457973;Rural disperso
cravo norte;arauca;3925.0;2682.0;5504.50108105;Rural disperso
fortul;arauca;18938.0;9886.0;1072.98690871;Rural
puerto rondon;arauca;4399.0;2952.0;2236.28542229;Rural disperso
saravena;arauca;55554.0;42415.0;884.6648630520001;Intermedia
tame;arauca;43932.0;26784.0;5404.74983572;Rural
yopal;casanare;168433.0;143619.0;2504.13951226;Urbana
aguazul;casanare;36915.0;26517.0;1447.36762313;Intermedia
chameza;casanare;2500.0;1499.0;318.816823881;Rural disperso
hato corozal;casanare;12328.0;5167.0;5648.97745092;Rural disperso
la salina;casanare;1417.0;636.0;205.932786112;Rural disperso
mani;casanare;17211.0;11216.0;3738.77734986;Rural disperso
monterrey;casanare;17537.0;12178.0;754.7791378559999;Rural
nunchia;casanare;8826.0;1904.0;1132.58506215;Rural disperso
orocue;casanare;12340.0;5376.0;4739.84384039;Rural disperso
paz de ariporo;casanare;36277.0;24933.0;11952.125995299999;Rural disperso
pore;casanare;11967.0;6822.0;778.1463004550001;Rural
recetor;casanare;1634.0;312.0;182.770880245;Rural disperso
sabanalarga;casanare;3625.0;1781.0;402.931001107;Rural disperso
sacama;casanare;2090.0;1020.0;312.95945131999997;Rural disperso
san luis de palenque;casanare;8466.0;3058.0;2991.40422516;Rural disperso
tamara;casanare;6873.0;1634.0;1038.7493386;Rural disperso
tauramena;casanare;23527.0;14549.0;2395.86034522;Rural disperso
trinidad;casanare;13233.0;6891.0;2960.59113525;Rural disperso
villanueva;casanare;35305.0;26322.0;795.2358554680001;Intermedia
mocoa;putumayo;56398.0;38457.0;1427.6462331700002;Intermedia
colon;putumayo;5407.0;3419.0;65.7130169055;Intermedia
orito;putumayo;37745.0;19833.0;1964.61245386;Rural
puerto asis;putumayo;64867.0;38901.0;2780.26734373;Intermedia
puerto caicedo;putumayo;16095.0;6089.0;837.260058257;Rural
puerto guzman;putumayo;35390.0;4629.0;4497.864180310001;Rural disperso
leguizamo;putumayo;28468.0;12755.0;10777.82221;Rural disperso
sibundoy;putumayo;14940.0;10059.0;62.7289441335;Intermedia
san francisco;putumayo;5645.0;3385.0;500.185916331;Rural
san miguel;putumayo;18780.0;4912.0;338.445016908;Rural
santiago;putumayo;7290.0;3476.0;443.820034421;Rural
valle del guamuez;putumayo;33457.0;14882.0;799.136448635;Rural
villagarzon;putumayo;23700.0;13742.0;1263.33020119;Rural
san andres;archipielago de san andres;55291.0;41400.0;44.0;Intermedia
providencia;archipielago de san andres;5989.0;3493.0;17.0;Intermedia
leticia;amazonas;48144.0;33503.0;6142.49947376;Rural
el encanto;amazonas;2100.0;0.0;11292.301352;Rural disperso
la chorrera;amazonas;2967.0;0.0;12403.0110442;Rural disperso
la pedrera;amazonas;3820.0;0.0;13847.721150700001;Rural disperso
la victoria;amazonas;644.0;0.0;1473.73863246;Rural disperso
miriti - parana;amazonas;1850.0;0.0;16972.6116852;Rural disperso
puerto alegria;amazonas;748.0;0.0;8761.14171567;Rural disperso
puerto arica;amazonas;1013.0;0.0;13820.586943600001;Rural disperso
puerto narino;amazonas;9744.0;3544.0;1517.4140773800002;Rural disperso
puerto santander;amazonas;1758.0;0.0;14954.277832200001;Rural disperso
tarapaca;amazonas;3801.0;0.0;9060.09525536;Rural disperso
inirida;guainia;31514.0;20279.0;15740.7462175;Rural disperso
barranco minas;guainia;8088.0;0.0;9494.033310620001;Rural disperso
mapiripana;guainia;1022.0;0.0;4711.04679162;Rural disperso
san felipe;guainia;1667.0;0.0;3033.68295075;Rural disperso
puerto colombia;guainia;1874.0;0.0;15637.169302600001;Rural disperso
la guadalupe;guainia;279.0;0.0;1160.79543813;Rural disperso
cacahual;guainia;863.0;0.0;2298.05242911;Rural disperso
pana pana;guainia;1899.0;0.0;10053.3960506;Rural disperso
morichal;guainia;908.0;0.0;8545.99360684;Rural disperso
san jose del guaviare;guaviare;52815.0;36354.0;16229.9052324;Rural
calamar;guaviare;9528.0;4339.0;13955.2919955;Rural disperso
el retorno;guaviare;13653.0;3355.0;12244.0877903;Rural disperso
miraflores;guaviare;6771.0;1943.0;12648.6885341;Rural disperso
mitu;vaupes;29850.0;9746.0;16447.0286776;Rural disperso
caruru;vaupes;2915.0;1387.0;6816.2506356700005;Rural disperso
pacoa;vaupes;4042.0;0.0;13698.2755044;Rural disperso
taraira;vaupes;2215.0;957.0;6535.4778834399995;Rural disperso
papunaua;vaupes;727.0;0.0;5384.74752104;Rural disperso
yavarate;vaupes;1048.0;0.0;4660.45337035;Rural disperso
puerto carreno;vichada;20936.0;14974.0;12203.008134;Rural disperso
la primavera;vichada;10122.0;5586.0;18174.6307892;Rural disperso
santa rosalia;vichada;4059.0;2383.0;4105.00405359;Rural disperso
cumaribo;vichada;72691.0;2890.0;65391.1776161;Rural disperso
